tool,oracle,level,processing_time_avg,processing_time_median,tp,fp,fn,precision,recall
tracker,training,change,3426.675311,2189,5042,23,26,99.545903,99.486977
tracker,training,commit,3426.675311,2189,4701,8,12,99.830113,99.745385
tracker,test,change,3339.863924,1584,1021,8,5,99.222546,99.512671
tracker,test,commit,3339.863924,1584,950,4,1,99.580713,99.894848
