tool,oracle,level,processing_time_avg,processing_time_median,tp,fp,fn,precision,recall
tracker,training,change,5023.980000,2879,3558,0,0,100.000000,100.000000
tracker,training,commit,5023.980000,2879,2830,0,0,100.000000,100.000000
tracker,test,change,4359.530000,2503,1050,0,0,100.000000,100.000000
tracker,test,commit,4359.530000,2503,846,0,0,100.000000,100.000000
