tool,oracle,level,processing_time_avg,processing_time_median,tp,fp,fn,precision,recall
tracker,training,change,4151.460000,2422,3555,0,0,100.000000,100.000000
tracker,training,commit,4151.460000,2422,2829,0,0,100.000000,100.000000
tracker,test,change,3750.280000,2187,1050,0,0,100.000000,100.000000
tracker,test,commit,3750.280000,2187,846,0,0,100.000000,100.000000
