tool,oracle,level,processing_time_avg,processing_time_median,tp,fp,fn,precision,recall
tracker,training,change,3310.546341,1791,1606,0,0,100.000000,100.000000
tracker,training,commit,3310.546341,1791,1547,0,0,100.000000,100.000000
tracker,test,change,3254.058824,1680,552,0,0,100.000000,100.000000
tracker,test,commit,3254.058824,1680,534,0,0,100.000000,100.000000
