tool,oracle,level,processing_time_avg,processing_time_median,tp,fp,fn,precision,recall
tracker,training,change,6360.701138,3231,1452,40,51,97.319035,96.606786
tracker,training,commit,6360.701138,3231,1419,25,34,98.268698,97.660014
tracker,test,change,6505.973545,3562,519,5,9,99.045802,98.295455
tracker,test,commit,6505.973545,3562,504,3,8,99.408284,98.437500
