tool,oracle,level,processing_time_avg,processing_time_median,tp,fp,fn,precision,recall
tracker,training,change,3346.038049,1790,1610,0,0,100.000000,100.000000
tracker,training,commit,3346.038049,1790,1550,0,0,100.000000,100.000000
tracker,test,change,3343.754476,1564,552,0,0,100.000000,100.000000
tracker,test,commit,3343.754476,1564,534,0,0,100.000000,100.000000
