tool,oracle,level,processing_time_avg,processing_time_median,tp,fp,fn,precision,recall
tracker,training,change,3314.787709,1621,1198,0,0,100.000000,100.000000
tracker,training,commit,3314.787709,1621,1147,0,0,100.000000,100.000000
tracker,test,change,9020.229508,3179,390,3,1,99.236641,99.744246
tracker,test,commit,9020.229508,3179,368,1,0,99.728997,100.000000
