tool,oracle,level,processing_time_avg,processing_time_median,tp,fp,fn,precision,recall
tracker,training,change,3054.469274,1662,1107,0,0,100.000000,100.000000
tracker,training,commit,3054.469274,1662,1059,0,0,100.000000,100.000000
tracker,test,change,8448.516393,3037,355,3,1,99.162011,99.719101
tracker,test,commit,8448.516393,3037,333,1,0,99.700599,100.000000
